workload_a,workload_b,rule
WL00010,WL00097,apart
WL00020,WL00294,apart
WL00021,WL00153,apart
WL00023,WL00135,apart
WL00026,WL00185,apart
WL00032,WL00086,apart
WL00037,WL00071,apart
WL00037,WL00230,apart
WL00045,WL00246,apart
WL00056,WL00272,apart
WL00062,WL00089,apart
WL00065,WL00072,apart
WL00075,WL00245,apart
WL00086,WL00242,apart
WL00094,WL00114,apart
WL00096,WL00097,apart
WL00097,WL00278,apart
WL00098,WL00238,apart
WL00098,WL00256,apart
WL00116,WL00177,apart
WL00129,WL00286,apart
WL00158,WL00287,apart
WL00162,WL00285,apart
WL00167,WL00293,apart
WL00194,WL00243,apart
WL00196,WL00242,apart
WL00206,WL00226,apart
WL00216,WL00234,apart
WL00233,WL00252,apart
WL00248,WL00271,apart
WL00033,WL00072,together
WL00075,WL00242,together
WL00115,WL00223,together
WL00128,WL00136,together
WL00165,WL00232,together
WL00248,WL00294,together
WL00258,WL00262,together
