workload,server
WL00001,SRV008
WL00002,SRV014
WL00003,SRV010
WL00004,SRV008
WL00005,SRV014
WL00006,SRV008
WL00007,SRV010
WL00008,SRV017
WL00009,SRV013
WL00010,SRV014
WL00011,SRV009
WL00012,SRV004
WL00013,SRV017
WL00014,SRV014
WL00015,SRV015
WL00016,SRV015
WL00017,SRV009
WL00018,SRV015
WL00019,SRV012
WL00020,SRV017
WL00021,SRV008
WL00022,SRV013
WL00023,SRV009
WL00024,SRV014
WL00025,SRV008
WL00026,SRV017
WL00027,SRV010
WL00028,SRV004
WL00029,SRV015
WL00030,SRV015
WL00031,SRV009
WL00032,SRV015
WL00033,SRV008
WL00034,SRV010
WL00035,SRV010
WL00036,SRV010
WL00037,SRV010
WL00038,SRV004
WL00039,SRV009
WL00040,SRV015
WL00041,SRV013
WL00042,SRV008
WL00043,SRV013
WL00044,SRV013
WL00045,SRV015
WL00046,SRV004
WL00047,SRV015
WL00048,SRV017
WL00049,SRV015
WL00050,SRV010
WL00051,SRV010
WL00052,SRV013
WL00053,SRV010
WL00054,SRV008
WL00055,SRV009
WL00056,SRV008
WL00057,SRV017
WL00058,SRV009
WL00059,SRV013
WL00060,SRV015
WL00061,SRV012
WL00062,SRV008
WL00063,SRV012
WL00064,SRV008
WL00065,SRV004
WL00066,SRV013
WL00067,SRV017
WL00068,SRV004
WL00069,SRV017
WL00070,SRV004
WL00071,SRV014
WL00072,SRV008
WL00073,SRV017
WL00074,SRV017
WL00075,SRV015
WL00076,SRV008
WL00077,SRV013
WL00078,SRV008
WL00079,SRV008
WL00080,SRV013
WL00081,SRV004
WL00082,SRV015
WL00083,SRV009
WL00084,SRV013
WL00085,SRV008
WL00086,SRV012
WL00087,SRV010
WL00088,SRV008
WL00089,SRV012
WL00090,SRV015
WL00091,SRV008
WL00092,SRV014
WL00093,SRV017
WL00094,SRV012
WL00095,SRV013
WL00096,SRV014
WL00097,SRV013
WL00098,SRV017
WL00099,SRV017
WL00100,SRV017
WL00101,SRV014
WL00102,SRV010
WL00103,SRV008
WL00104,SRV017
WL00105,SRV004
WL00106,SRV010
WL00107,SRV014
WL00108,SRV017
WL00109,SRV004
WL00110,SRV009
WL00111,SRV009
WL00112,SRV008
WL00113,SRV013
WL00114,SRV010
WL00115,SRV009
WL00116,SRV017
WL00117,SRV015
WL00118,SRV015
WL00119,SRV009
WL00120,SRV017
WL00121,SRV013
WL00122,SRV008
WL00123,SRV009
WL00124,SRV013
WL00125,SRV012
WL00126,SRV012
WL00127,SRV014
WL00128,SRV015
WL00129,SRV013
WL00130,SRV010
WL00131,SRV008
WL00132,SRV004
WL00133,SRV004
WL00134,SRV010
WL00135,SRV012
WL00136,SRV015
WL00137,SRV014
WL00138,SRV013
WL00139,SRV017
WL00140,SRV015
WL00141,SRV013
WL00142,SRV014
WL00143,SRV013
WL00144,SRV014
WL00145,SRV009
WL00146,SRV015
WL00147,SRV008
WL00148,SRV017
WL00149,SRV014
WL00150,SRV017
WL00151,SRV017
WL00152,SRV008
WL00153,SRV010
WL00154,SRV014
WL00155,SRV010
WL00156,SRV008
WL00157,SRV017
WL00158,SRV008
WL00159,SRV008
WL00160,SRV013
WL00161,SRV008
WL00162,SRV004
WL00163,SRV009
WL00164,SRV010
WL00165,SRV013
WL00166,SRV009
WL00167,SRV015
WL00168,SRV017
WL00169,SRV017
WL00170,SRV017
WL00171,SRV012
WL00172,SRV008
WL00173,SRV013
WL00174,SRV012
WL00175,SRV013
WL00176,SRV009
WL00177,SRV014
WL00178,SRV014
WL00179,SRV008
WL00180,SRV014
WL00181,SRV017
WL00182,SRV017
WL00183,SRV008
WL00184,SRV004
WL00185,SRV009
WL00186,SRV015
WL00187,SRV017
WL00188,SRV004
WL00189,SRV010
WL00190,SRV012
WL00191,SRV015
WL00192,SRV009
WL00193,SRV009
WL00194,SRV004
WL00195,SRV004
WL00196,SRV014
WL00197,SRV012
WL00198,SRV009
WL00199,SRV010
WL00200,SRV017
WL00201,SRV009
WL00202,SRV009
WL00203,SRV010
WL00204,SRV014
WL00205,SRV009
WL00206,SRV008
WL00207,SRV014
WL00208,SRV013
WL00209,SRV004
WL00210,SRV014
WL00211,SRV015
WL00212,SRV004
WL00213,SRV014
WL00214,SRV014
WL00215,SRV012
WL00216,SRV017
WL00217,SRV008
WL00218,SRV010
WL00219,SRV015
WL00220,SRV008
WL00221,SRV013
WL00222,SRV010
WL00223,SRV009
WL00224,SRV014
WL00225,SRV017
WL00226,SRV015
WL00227,SRV014
WL00228,SRV015
WL00229,SRV014
WL00230,SRV013
WL00231,SRV015
WL00232,SRV013
WL00233,SRV012
WL00234,SRV010
WL00235,SRV010
WL00236,SRV017
WL00237,SRV014
WL00238,SRV013
WL00239,SRV013
WL00240,SRV010
WL00241,SRV009
WL00242,SRV015
WL00243,SRV015
WL00244,SRV009
WL00245,SRV010
WL00246,SRV008
WL00247,SRV009
WL00248,SRV010
WL00249,SRV010
WL00250,SRV009
WL00251,SRV009
WL00252,SRV009
WL00253,SRV017
WL00254,SRV015
WL00255,SRV008
WL00256,SRV013
WL00257,SRV013
WL00258,SRV013
WL00259,SRV013
WL00260,SRV014
WL00261,SRV015
WL00262,SRV013
WL00263,SRV015
WL00264,SRV017
WL00265,SRV013
WL00266,SRV010
WL00267,SRV015
WL00268,SRV010
WL00269,SRV014
WL00270,SRV013
WL00271,SRV014
WL00272,SRV012
WL00273,SRV013
WL00274,SRV010
WL00275,SRV009
WL00276,SRV012
WL00277,SRV017
WL00278,SRV014
WL00279,SRV015
WL00280,SRV013
WL00281,SRV017
WL00282,SRV013
WL00283,SRV010
WL00284,SRV004
WL00285,SRV008
WL00286,SRV009
WL00287,SRV009
WL00288,SRV009
WL00289,SRV014
WL00290,SRV014
WL00291,SRV017
WL00292,SRV012
WL00293,SRV013
WL00294,SRV010
WL00295,SRV012
WL00296,SRV014
WL00297,SRV009
WL00298,SRV013
WL00299,SRV009
WL00300,SRV008
