id,region,zone,cpu,memory_gb,storage_gb,running_cost_per_hour,power_kw
SRV001,CAI,CAI-Z1,186,930,5852,45,0.94
SRV002,ALX,ALX-Z1,93,465,2926,20,0.46
SRV003,SUZ,SUZ-Z1,93,465,2926,21,0.45
SRV004,CAI,CAI-Z2,93,465,2926,19,0.44
SRV005,ALX,ALX-Z2,186,930,5852,45,1.08
SRV006,SUZ,SUZ-Z2,93,465,2926,24,0.48
SRV007,CAI,CAI-Z1,93,465,2926,24,0.55
SRV008,ALX,ALX-Z1,186,930,5852,35,0.82
SRV009,SUZ,SUZ-Z1,186,930,5852,39,0.95
SRV010,CAI,CAI-Z2,186,930,5852,39,0.98
SRV011,ALX,ALX-Z2,93,465,2926,20,0.5
SRV012,SUZ,SUZ-Z2,93,465,2926,19,0.56
SRV013,CAI,CAI-Z1,186,930,5852,35,0.72
SRV014,ALX,ALX-Z1,186,930,5852,37,0.96
SRV015,SUZ,SUZ-Z1,186,930,5852,37,0.94
SRV016,CAI,CAI-Z2,93,465,2926,22,0.59
SRV017,ALX,ALX-Z2,186,930,5852,36,0.8
SRV018,SUZ,SUZ-Z2,93,465,2926,23,0.48
SRV019,CAI,CAI-Z1,93,465,2926,22,0.5
SRV020,ALX,ALX-Z1,186,930,5852,46,0.98
