id,cpu,memory_gb,storage_gb,allowed_regions
WL00001,4,20,112,ALX CAI
WL00002,5,15,203,ALX SUZ
WL00003,3,9,206,ALX CAI
WL00004,1,2,65,ALX SUZ
WL00005,8,32,169,ALX
WL00006,8,16,88,ALX SUZ
WL00007,2,10,157,CAI
WL00008,7,21,107,ALX
WL00009,5,20,126,ALX CAI
WL00010,5,20,182,ALX
WL00011,5,10,217,CAI SUZ
WL00012,2,4,180,CAI
WL00013,3,12,124,ALX
WL00014,2,8,251,ALX SUZ
WL00015,7,14,61,CAI SUZ
WL00016,6,24,295,ALX SUZ
WL00017,7,21,75,SUZ
WL00018,4,20,275,SUZ
WL00019,2,4,187,CAI SUZ
WL00020,8,32,59,ALX SUZ
WL00021,2,6,164,ALX
WL00022,5,25,26,CAI
WL00023,3,15,46,ALX SUZ
WL00024,7,21,160,ALX CAI
WL00025,3,12,165,ALX CAI
WL00026,3,15,235,ALX SUZ
WL00027,8,32,261,CAI
WL00028,7,14,76,CAI
WL00029,2,10,183,SUZ
WL00030,8,16,122,CAI SUZ
WL00031,6,18,54,SUZ
WL00032,2,10,227,SUZ
WL00033,6,12,92,ALX CAI
WL00034,6,12,97,CAI SUZ
WL00035,2,6,274,CAI
WL00036,8,16,197,CAI
WL00037,4,20,118,ALX CAI
WL00038,7,14,200,CAI SUZ
WL00039,8,32,99,CAI SUZ
WL00040,3,9,104,ALX SUZ
WL00041,1,2,182,CAI
WL00042,7,28,238,ALX SUZ
WL00043,4,20,179,CAI
WL00044,5,15,236,CAI SUZ
WL00045,8,24,171,CAI SUZ
WL00046,5,20,181,CAI SUZ
WL00047,7,14,228,SUZ
WL00048,5,15,195,ALX CAI
WL00049,7,14,228,CAI SUZ
WL00050,2,10,144,CAI
WL00051,4,12,215,CAI
WL00052,7,35,20,CAI SUZ
WL00053,6,12,232,CAI SUZ
WL00054,1,4,70,ALX
WL00055,8,16,209,SUZ
WL00056,6,18,177,ALX SUZ
WL00057,2,8,153,ALX
WL00058,8,40,148,SUZ
WL00059,7,35,44,ALX CAI
WL00060,4,8,152,CAI SUZ
WL00061,5,15,174,CAI SUZ
WL00062,4,12,212,ALX
WL00063,2,6,69,ALX SUZ
WL00064,2,4,178,ALX
WL00065,6,30,45,CAI
WL00066,6,30,168,CAI
WL00067,3,12,35,ALX
WL00068,6,18,181,CAI
WL00069,3,6,120,ALX
WL00070,5,15,252,CAI
WL00071,5,10,188,ALX
WL00072,7,35,259,ALX SUZ
WL00073,7,21,155,ALX SUZ
WL00074,6,24,39,ALX
WL00075,5,25,103,CAI SUZ
WL00076,5,25,40,ALX SUZ
WL00077,3,15,73,CAI
WL00078,6,30,295,ALX
WL00079,2,10,202,ALX
WL00080,2,10,116,CAI
WL00081,6,24,67,CAI
WL00082,3,15,231,CAI SUZ
WL00083,2,8,168,CAI SUZ
WL00084,5,25,95,CAI SUZ
WL00085,5,25,24,ALX SUZ
WL00086,7,14,32,CAI SUZ
WL00087,4,20,146,CAI
WL00088,8,40,244,ALX CAI
WL00089,7,28,211,ALX SUZ
WL00090,3,12,61,CAI SUZ
WL00091,8,16,172,ALX CAI
WL00092,4,12,285,ALX
WL00093,1,4,164,ALX SUZ
WL00094,6,18,110,CAI SUZ
WL00095,4,8,79,CAI
WL00096,5,15,31,ALX SUZ
WL00097,1,5,96,CAI
WL00098,2,6,71,ALX CAI
WL00099,6,24,290,ALX CAI
WL00100,6,18,127,ALX SUZ
WL00101,6,24,23,ALX SUZ
WL00102,7,14,94,CAI
WL00103,3,6,204,ALX
WL00104,4,12,103,ALX SUZ
WL00105,5,15,294,CAI
WL00106,3,6,42,CAI SUZ
WL00107,1,4,160,ALX
WL00108,5,15,187,ALX
WL00109,5,25,126,CAI
WL00110,1,2,190,SUZ
WL00111,8,24,194,CAI SUZ
WL00112,8,16,36,ALX
WL00113,6,24,290,CAI
WL00114,7,14,290,CAI SUZ
WL00115,6,18,142,SUZ
WL00116,7,35,263,ALX
WL00117,1,2,299,ALX SUZ
WL00118,8,40,111,SUZ
WL00119,1,4,161,CAI SUZ
WL00120,8,32,100,ALX
WL00121,4,16,135,CAI
WL00122,3,6,73,ALX SUZ
WL00123,7,14,51,CAI SUZ
WL00124,5,15,217,CAI
WL00125,6,18,89,ALX SUZ
WL00126,7,35,43,ALX SUZ
WL00127,8,24,67,ALX
WL00128,8,40,138,SUZ
WL00129,3,12,131,CAI SUZ
WL00130,4,16,33,CAI
WL00131,2,10,48,ALX
WL00132,3,6,187,CAI
WL00133,1,4,173,CAI
WL00134,6,12,172,CAI SUZ
WL00135,1,3,86,CAI SUZ
WL00136,3,9,233,SUZ
WL00137,6,18,20,ALX
WL00138,3,15,204,CAI SUZ
WL00139,8,32,41,ALX
WL00140,8,16,91,SUZ
WL00141,6,30,186,CAI
WL00142,4,8,242,ALX CAI
WL00143,8,32,73,CAI SUZ
WL00144,1,3,135,ALX CAI
WL00145,8,40,42,SUZ
WL00146,3,15,115,SUZ
WL00147,3,15,223,ALX SUZ
WL00148,3,12,197,ALX
WL00149,3,6,243,ALX
WL00150,7,21,151,ALX CAI
WL00151,8,32,242,ALX CAI
WL00152,7,14,62,ALX SUZ
WL00153,8,16,245,CAI
WL00154,7,21,95,ALX CAI
WL00155,2,10,208,CAI
WL00156,7,35,70,ALX SUZ
WL00157,1,5,95,ALX
WL00158,8,24,212,ALX
WL00159,6,24,68,ALX SUZ
WL00160,2,8,75,CAI
WL00161,8,24,53,ALX
WL00162,2,4,227,CAI
WL00163,5,20,121,SUZ
WL00164,7,21,211,CAI
WL00165,3,6,53,CAI
WL00166,8,40,29,SUZ
WL00167,6,30,281,ALX SUZ
WL00168,5,10,243,ALX CAI
WL00169,7,28,31,ALX CAI
WL00170,3,15,129,ALX
WL00171,7,14,204,ALX SUZ
WL00172,2,10,48,ALX CAI
WL00173,3,9,297,CAI SUZ
WL00174,4,16,78,ALX SUZ
WL00175,2,8,53,ALX CAI
WL00176,1,2,153,CAI SUZ
WL00177,7,35,69,ALX SUZ
WL00178,2,6,111,ALX
WL00179,3,15,65,ALX
WL00180,6,30,80,ALX CAI
WL00181,7,35,152,ALX
WL00182,8,32,299,ALX CAI
WL00183,7,14,143,ALX
WL00184,4,12,21,ALX CAI
WL00185,5,10,202,CAI SUZ
WL00186,5,20,224,SUZ
WL00187,4,8,44,ALX SUZ
WL00188,5,25,94,CAI
WL00189,5,10,108,ALX CAI
WL00190,8,16,134,ALX SUZ
WL00191,8,24,56,SUZ
WL00192,3,15,156,SUZ
WL00193,5,15,195,CAI SUZ
WL00194,2,4,137,CAI SUZ
WL00195,7,21,200,CAI
WL00196,7,28,136,ALX
WL00197,5,25,36,SUZ
WL00198,5,25,134,SUZ
WL00199,4,12,252,CAI SUZ
WL00200,3,9,102,ALX
WL00201,3,6,273,CAI SUZ
WL00202,6,12,92,SUZ
WL00203,4,16,287,CAI
WL00204,6,12,46,ALX CAI
WL00205,6,12,246,CAI SUZ
WL00206,2,8,171,ALX
WL00207,8,24,138,ALX SUZ
WL00208,7,21,147,ALX CAI
WL00209,2,8,170,CAI SUZ
WL00210,2,8,142,ALX SUZ
WL00211,2,4,273,SUZ
WL00212,3,15,82,CAI
WL00213,3,9,294,ALX
WL00214,6,30,118,ALX CAI
WL00215,4,20,183,SUZ
WL00216,3,9,174,ALX
WL00217,6,24,259,ALX CAI
WL00218,7,21,30,ALX CAI
WL00219,3,12,110,SUZ
WL00220,5,15,121,ALX
WL00221,1,3,197,CAI
WL00222,5,10,236,CAI
WL00223,3,15,233,CAI SUZ
WL00224,5,10,184,ALX CAI
WL00225,5,15,230,ALX
WL00226,6,12,111,SUZ
WL00227,5,15,273,ALX SUZ
WL00228,8,40,77,CAI SUZ
WL00229,2,10,297,ALX SUZ
WL00230,7,28,259,CAI
WL00231,5,10,293,SUZ
WL00232,1,2,50,CAI
WL00233,7,14,54,CAI SUZ
WL00234,5,10,283,CAI
WL00235,2,4,259,ALX CAI
WL00236,7,21,289,ALX
WL00237,5,15,45,ALX
WL00238,4,20,53,CAI
WL00239,4,8,81,CAI
WL00240,5,10,58,CAI SUZ
WL00241,8,16,80,ALX SUZ
WL00242,4,12,106,CAI SUZ
WL00243,5,15,205,SUZ
WL00244,6,12,112,CAI SUZ
WL00245,1,2,106,CAI
WL00246,7,21,164,ALX
WL00247,4,16,28,SUZ
WL00248,8,32,179,ALX CAI
WL00249,1,4,142,ALX CAI
WL00250,1,3,287,SUZ
WL00251,5,20,118,SUZ
WL00252,4,16,167,CAI SUZ
WL00253,4,20,192,ALX
WL00254,5,25,64,SUZ
WL00255,4,16,105,ALX
WL00256,2,4,93,CAI
WL00257,7,28,268,ALX CAI
WL00258,7,28,83,CAI
WL00259,7,21,299,CAI
WL00260,6,18,293,ALX CAI
WL00261,8,24,261,SUZ
WL00262,7,14,152,CAI SUZ
WL00263,8,24,40,SUZ
WL00264,3,15,151,ALX SUZ
WL00265,6,24,114,CAI
WL00266,7,35,96,CAI
WL00267,7,21,70,SUZ
WL00268,4,20,62,ALX CAI
WL00269,6,12,279,ALX CAI
WL00270,8,32,279,CAI SUZ
WL00271,3,9,189,ALX
WL00272,1,3,216,SUZ
WL00273,4,8,197,CAI
WL00274,5,15,84,ALX CAI
WL00275,8,32,189,SUZ
WL00276,7,35,118,SUZ
WL00277,5,15,196,ALX SUZ
WL00278,2,6,177,ALX
WL00279,6,12,206,ALX SUZ
WL00280,3,12,52,CAI
WL00281,3,6,127,ALX CAI
WL00282,5,10,105,CAI
WL00283,7,35,237,CAI
WL00284,7,28,31,CAI
WL00285,1,2,147,ALX SUZ
WL00286,1,2,293,CAI SUZ
WL00287,6,30,249,CAI SUZ
WL00288,1,5,210,ALX SUZ
WL00289,8,16,100,ALX CAI
WL00290,3,9,92,ALX CAI
WL00291,1,3,184,ALX SUZ
WL00292,1,4,191,SUZ
WL00293,5,20,214,CAI
WL00294,5,25,56,CAI SUZ
WL00295,6,18,224,SUZ
WL00296,8,40,245,ALX
WL00297,5,15,278,CAI SUZ
WL00298,1,3,37,CAI
WL00299,8,24,192,CAI SUZ
WL00300,1,4,235,ALX
