id,students,instructor,needs_hall
EX001,62,INS04,no
EX002,72,INS03,no
EX003,52,INS08,no
EX004,47,INS05,no
EX005,48,INS05,no
EX006,66,INS05,no
EX007,235,INS08,yes
EX008,18,INS04,no
EX009,55,INS02,no
EX010,62,INS02,no
EX011,25,INS04,no
EX012,65,INS07,no
EX013,66,INS06,no
EX014,19,INS01,no
EX015,75,INS03,no
EX016,21,INS06,no
EX017,31,INS05,no
EX018,40,INS05,no
EX019,32,INS01,no
EX020,36,INS03,no
EX021,71,INS05,no
EX022,31,INS02,no
EX023,149,INS04,yes
EX024,69,INS03,no
EX025,77,INS08,no
EX026,15,INS08,no
EX027,30,INS04,no
EX028,26,INS04,no
EX029,37,INS05,no
EX030,56,INS02,no
EX031,55,INS05,no
EX032,46,INS07,no
EX033,15,INS06,no
EX034,47,INS06,no
EX035,27,INS03,no
EX036,59,INS05,no
EX037,36,INS05,no
EX038,18,INS06,no
EX039,258,INS03,yes
EX040,62,INS01,no
