exam_a,exam_b,students
EX001,EX003,1
EX001,EX008,8
EX001,EX009,15
EX001,EX020,14
EX001,EX027,8
EX001,EX036,11
EX001,EX039,4
EX002,EX003,23
EX002,EX007,1
EX002,EX028,24
EX002,EX031,8
EX002,EX040,23
EX003,EX020,2
EX003,EX023,3
EX003,EX028,23
EX003,EX031,11
EX003,EX033,2
EX003,EX040,5
EX004,EX009,2
EX004,EX011,8
EX004,EX012,10
EX004,EX015,18
EX004,EX023,19
EX004,EX032,19
EX004,EX038,9
EX004,EX039,5
EX005,EX019,12
EX005,EX021,12
EX005,EX024,21
EX005,EX030,17
EX006,EX007,22
EX006,EX013,17
EX006,EX014,15
EX006,EX017,6
EX006,EX018,10
EX006,EX022,24
EX006,EX026,22
EX006,EX029,19
EX006,EX033,22
EX006,EX037,21
EX007,EX013,17
EX007,EX014,10
EX007,EX017,20
EX007,EX018,21
EX007,EX022,5
EX007,EX026,17
EX007,EX029,13
EX007,EX030,1
EX007,EX033,13
EX007,EX037,15
EX008,EX009,13
EX008,EX013,1
EX008,EX020,19
EX008,EX027,15
EX008,EX030,1
EX008,EX032,3
EX008,EX036,11
EX008,EX040,1
EX009,EX020,7
EX009,EX027,8
EX009,EX036,14
EX010,EX016,9
EX010,EX025,24
EX010,EX034,22
EX010,EX035,20
EX011,EX012,12
EX011,EX015,7
EX011,EX023,8
EX011,EX025,3
EX011,EX032,5
EX011,EX034,1
EX011,EX038,13
EX011,EX039,7
EX012,EX015,6
EX012,EX023,5
EX012,EX026,3
EX012,EX032,7
EX012,EX038,7
EX012,EX039,21
EX013,EX014,15
EX013,EX017,8
EX013,EX018,20
EX013,EX022,12
EX013,EX026,19
EX013,EX029,17
EX013,EX032,2
EX013,EX033,9
EX013,EX037,7
EX014,EX017,9
EX014,EX018,9
EX014,EX022,6
EX014,EX026,17
EX014,EX029,21
EX014,EX030,1
EX014,EX033,19
EX014,EX037,23
EX015,EX023,8
EX015,EX032,12
EX015,EX038,13
EX015,EX039,5
EX016,EX025,9
EX016,EX031,4
EX016,EX034,15
EX016,EX035,21
EX017,EX018,7
EX017,EX022,12
EX017,EX024,3
EX017,EX026,16
EX017,EX029,14
EX017,EX033,17
EX017,EX037,8
EX018,EX019,4
EX018,EX022,13
EX018,EX024,1
EX018,EX026,16
EX018,EX029,14
EX018,EX033,23
EX018,EX037,20
EX019,EX021,10
EX019,EX024,7
EX019,EX030,8
EX020,EX027,16
EX020,EX036,8
EX021,EX024,14
EX021,EX030,6
EX022,EX026,7
EX022,EX027,3
EX022,EX029,14
EX022,EX033,5
EX022,EX037,7
EX023,EX027,2
EX023,EX032,17
EX023,EX038,22
EX023,EX039,12
EX024,EX030,13
EX025,EX034,20
EX025,EX035,15
EX026,EX029,20
EX026,EX033,24
EX026,EX037,17
EX027,EX036,15
EX027,EX039,4
EX028,EX031,23
EX028,EX040,23
EX029,EX033,15
EX029,EX037,23
EX030,EX032,2
EX031,EX040,9
EX032,EX038,9
EX032,EX039,19
EX033,EX037,9
EX034,EX035,18
EX037,EX038,3
EX038,EX039,7
