product,machine,hours_per_unit
P01,M02,0.171
P01,M08,0.093
P02,M04,0.23
P02,M05,0.131
P02,M07,0.233
P03,M03,0.166
P04,M02,0.215
P05,M07,0.191
P05,M09,0.121
P06,M03,0.134
P06,M04,0.139
P06,M07,0.094
P07,M01,0.233
P07,M05,0.098
P07,M08,0.188
P08,M07,0.181
P08,M09,0.226
P09,M05,0.07
P10,M10,0.198
P11,M06,0.096
P12,M06,0.16
P12,M09,0.236
P13,M06,0.108
P13,M07,0.169
P13,M08,0.093
P14,M04,0.174
P14,M05,0.218
P14,M08,0.168
P15,M02,0.248
P15,M04,0.239
P16,M07,0.186
P16,M09,0.204
P17,M02,0.231
P17,M05,0.194
P18,M02,0.216
P19,M04,0.242
P19,M05,0.069
P19,M10,0.092
P20,M05,0.215
P20,M06,0.169
P20,M07,0.112
