product,material,per_unit
P01,MAT1,0.49
P01,MAT2,0.01
P02,MAT3,1.75
P03,MAT2,1.9
P04,MAT2,1.08
P05,MAT1,1.85
P06,MAT2,0.07
P06,MAT3,1.61
P07,MAT1,0.33
P07,MAT2,0.11
P07,MAT3,1.52
P08,MAT2,0.57
P08,MAT3,0.44
P09,MAT3,1.24
P10,MAT2,1.37
P10,MAT3,1.6
P11,MAT3,0.22
P12,MAT2,1.77
P12,MAT3,1.7
P13,MAT1,0.9
P13,MAT2,0.63
P14,MAT1,0.32
P14,MAT3,1.59
P15,MAT3,1.16
P16,MAT1,0.4
P16,MAT2,1.62
P17,MAT1,1.67
P17,MAT2,0.09
P17,MAT3,1.82
P18,MAT1,0.23
P18,MAT3,0.09
P19,MAT1,0.84
P19,MAT2,1.21
P19,MAT3,0.59
P20,MAT1,1.46
P20,MAT2,1.47
P20,MAT3,0.69
