id,price,unit_cost,setup_cost,labour_hours_per_unit,min_demand,max_demand
P01,70,29,584,0.71,26,143
P02,113,68,435,0.7,30,107
P03,99,38,210,0.64,35,136
P04,97,37,442,0.68,9,54
P05,90,33,477,0.59,34,121
P06,61,32,554,0.57,12,114
P07,76,34,255,0.44,30,124
P08,82,48,321,0.74,20,94
P09,80,36,413,0.65,37,184
P10,103,51,336,0.54,28,98
P11,101,63,528,0.43,37,149
P12,119,61,454,0.4,20,107
P13,59,23,232,0.7,18,158
P14,93,41,340,0.25,14,57
P15,45,25,593,0.72,9,64
P16,101,55,464,0.21,14,90
P17,45,21,558,0.74,12,54
P18,93,46,343,0.26,15,57
P19,60,29,433,0.48,12,119
P20,112,52,498,0.37,26,100
