id,hospital,kind,patients_per_nurse,patients_per_doctor,beds_per_patient,supply_cost,demand,min_nurses,min_doctors
H01-EMERGENCY,H01,EMERGENCY,3,6,0.6,902,90,9,3
H01-ICU,H01,ICU,1,3,1.0,2655,37,5,2
H01-SURGERY,H01,SURGERY,2,5,1.0,1908,69,5,3
H01-GENERAL,H01,GENERAL,5,10,1.0,504,86,6,3
H02-EMERGENCY,H02,EMERGENCY,3,6,0.6,887,30,8,3
H02-ICU,H02,ICU,1,3,1.0,2532,67,8,3
H02-SURGERY,H02,SURGERY,2,5,1.0,1954,50,5,2
H02-GENERAL,H02,GENERAL,5,10,1.0,520,51,6,3
H03-EMERGENCY,H03,EMERGENCY,3,6,0.6,834,54,6,2
H03-ICU,H03,ICU,1,3,1.0,2600,53,6,3
H03-SURGERY,H03,SURGERY,2,5,1.0,1745,38,5,1
H03-GENERAL,H03,GENERAL,5,10,1.0,514,54,9,3
