id,value,critical,min_protection
AST01,69000,yes,57
AST02,94000,no,0
AST03,407000,no,0
AST04,72000,no,0
AST05,98000,no,0
AST06,399000,no,0
AST07,259000,no,0
AST08,156000,yes,47
AST09,380000,yes,43
AST10,482000,no,0
AST11,101000,no,0
AST12,435000,no,0
AST13,130000,no,0
AST14,102000,no,0
AST15,344000,no,0
AST16,347000,yes,57
AST17,339000,no,0
AST18,71000,yes,58
AST19,417000,no,0
AST20,414000,no,0
AST21,386000,yes,41
AST22,209000,no,0
AST23,389000,no,0
AST24,194000,no,0
AST25,198000,no,0
AST26,340000,yes,49
AST27,307000,no,0
AST28,175000,yes,68
AST29,243000,no,0
AST30,86000,no,0
AST31,394000,no,0
AST32,365000,no,0
AST33,71000,yes,59
AST34,158000,yes,40
AST35,153000,no,0
AST36,472000,no,0
AST37,364000,no,0
AST38,88000,yes,43
AST39,267000,no,0
AST40,350000,no,0
AST41,204000,no,0
AST42,436000,yes,58
AST43,416000,no,0
AST44,324000,no,0
AST45,103000,no,0
AST46,259000,no,0
AST47,383000,no,0
AST48,150000,yes,41
AST49,482000,no,0
AST50,246000,no,0
AST51,412000,no,0
AST52,361000,yes,69
AST53,454000,no,0
AST54,498000,no,0
AST55,441000,yes,43
AST56,261000,no,0
AST57,285000,no,0
AST58,80000,no,0
AST59,299000,yes,61
AST60,422000,no,0
