station,zone,road_minutes
ST001,Z001,25
ST001,Z002,21
ST001,Z003,17
ST001,Z004,25
ST001,Z005,11
ST001,Z006,26
ST001,Z007,10
ST001,Z008,35
ST001,Z009,21
ST001,Z010,20
ST001,Z011,28
ST001,Z012,30
ST001,Z013,3
ST001,Z014,10
ST001,Z015,4
ST001,Z016,13
ST001,Z017,13
ST001,Z018,7
ST001,Z019,5
ST001,Z020,8
ST001,Z021,7
ST001,Z022,19
ST001,Z023,40
ST001,Z024,22
ST001,Z025,21
ST002,Z001,15
ST002,Z002,12
ST002,Z003,6
ST002,Z004,20
ST002,Z005,20
ST002,Z006,19
ST002,Z007,19
ST002,Z008,31
ST002,Z009,9
ST002,Z010,20
ST002,Z011,24
ST002,Z012,24
ST002,Z013,12
ST002,Z014,19
ST002,Z015,13
ST002,Z016,18
ST002,Z017,4
ST002,Z018,19
ST002,Z019,8
ST002,Z020,9
ST002,Z021,14
ST002,Z022,14
ST002,Z023,27
ST002,Z024,22
ST002,Z025,14
ST003,Z001,28
ST003,Z002,31
ST003,Z003,28
ST003,Z004,29
ST003,Z005,6
ST003,Z006,33
ST003,Z007,1
ST003,Z008,42
ST003,Z009,25
ST003,Z010,23
ST003,Z011,39
ST003,Z012,30
ST003,Z013,9
ST003,Z014,12
ST003,Z015,10
ST003,Z016,11
ST003,Z017,22
ST003,Z018,9
ST003,Z019,11
ST003,Z020,15
ST003,Z021,4
ST003,Z022,21
ST003,Z023,49
ST003,Z024,34
ST003,Z025,36
ST004,Z001,13
ST004,Z002,7
ST004,Z003,5
ST004,Z004,22
ST004,Z005,32
ST004,Z006,14
ST004,Z007,25
ST004,Z008,21
ST004,Z009,10
ST004,Z010,19
ST004,Z011,17
ST004,Z012,15
ST004,Z013,17
ST004,Z014,19
ST004,Z015,21
ST004,Z016,26
ST004,Z017,6
ST004,Z018,19
ST004,Z019,12
ST004,Z020,12
ST004,Z021,26
ST004,Z022,19
ST004,Z023,18
ST004,Z024,22
ST004,Z025,11
ST005,Z001,7
ST005,Z002,12
ST005,Z003,13
ST005,Z004,25
ST005,Z005,35
ST005,Z006,9
ST005,Z007,31
ST005,Z008,10
ST005,Z009,17
ST005,Z010,23
ST005,Z011,22
ST005,Z012,17
ST005,Z013,35
ST005,Z014,35
ST005,Z015,33
ST005,Z016,30
ST005,Z017,15
ST005,Z018,30
ST005,Z019,24
ST005,Z020,25
ST005,Z021,36
ST005,Z022,25
ST005,Z023,8
ST005,Z024,29
ST005,Z025,20
ST006,Z001,25
ST006,Z002,14
ST006,Z003,16
ST006,Z004,4
ST006,Z005,36
ST006,Z006,24
ST006,Z007,36
ST006,Z008,24
ST006,Z009,22
ST006,Z010,33
ST006,Z011,3
ST006,Z012,4
ST006,Z013,23
ST006,Z014,23
ST006,Z015,23
ST006,Z016,27
ST006,Z017,16
ST006,Z018,26
ST006,Z019,21
ST006,Z020,22
ST006,Z021,28
ST006,Z022,37
ST006,Z023,21
ST006,Z024,32
ST006,Z025,4
ST007,Z001,19
ST007,Z002,15
ST007,Z003,13
ST007,Z004,19
ST007,Z005,15
ST007,Z006,21
ST007,Z007,13
ST007,Z008,35
ST007,Z009,12
ST007,Z010,17
ST007,Z011,20
ST007,Z012,20
ST007,Z013,5
ST007,Z014,14
ST007,Z015,8
ST007,Z016,16
ST007,Z017,10
ST007,Z018,9
ST007,Z019,2
ST007,Z020,4
ST007,Z021,13
ST007,Z022,13
ST007,Z023,33
ST007,Z024,23
ST007,Z025,17
ST008,Z001,18
ST008,Z002,27
ST008,Z003,20
ST008,Z004,43
ST008,Z005,22
ST008,Z006,24
ST008,Z007,25
ST008,Z008,36
ST008,Z009,16
ST008,Z010,6
ST008,Z011,38
ST008,Z012,30
ST008,Z013,16
ST008,Z014,26
ST008,Z015,12
ST008,Z016,32
ST008,Z017,18
ST008,Z018,25
ST008,Z019,13
ST008,Z020,12
ST008,Z021,16
ST008,Z022,3
ST008,Z023,38
ST008,Z024,10
ST008,Z025,30
