id,x_km,y_km,population,calls_per_month,high_priority
Z001,12.22,18.07,1207,4,yes
Z002,14.87,12.65,2951,8,no
Z003,10.14,13.52,6503,17,no
Z004,17.66,5.97,3267,9,no
Z005,3.11,3.25,2263,7,yes
Z006,11.95,19.08,3749,10,no
Z007,1.89,5.22,7567,20,no
Z008,19.31,18.83,7373,19,no
Z009,8.69,15.98,7777,20,no
Z010,2.43,17.92,5395,14,no
Z011,18.05,7.82,6281,17,no
Z012,18.58,8.3,5075,14,no
Z013,4.7,8.86,4835,13,no
Z014,6.39,3.48,5463,15,yes
Z015,3.66,8.7,4436,12,yes
Z016,7.8,2.39,1854,6,no
Z017,9.54,12.78,1148,4,no
Z018,5.89,4.78,3383,9,yes
Z019,6.55,9.12,8517,22,no
Z020,5.25,11.15,8813,23,no
Z021,2.26,6.65,5889,16,no
Z022,3.03,15.88,8394,22,no
Z023,19.67,19.98,3713,10,no
Z024,3.5,19.21,8380,22,no
Z025,16.54,9.11,2813,8,no
