id,order,demand_kwh,solar_kwh
H001,1,667,0
H002,2,636,0
H003,3,618,0
H004,4,515,0
H005,5,526,0
H006,6,427,0
H007,7,378,0
H008,8,436,119
H009,9,462,229
H010,10,499,324
H011,11,553,397
H012,12,638,442
H013,13,667,458
H014,14,698,442
H015,15,564,397
H016,16,595,324
H017,17,526,229
H018,18,416,119
H019,19,433,0
H020,20,432,0
H021,21,428,0
H022,22,508,0
H023,23,567,0
H024,24,649,0
H025,25,616,0
H026,26,650,0
H027,27,589,0
H028,28,505,0
H029,29,447,0
H030,30,441,0
H031,31,362,0
H032,32,439,92
H033,33,442,177
H034,34,560,250
H035,35,596,306
H036,36,628,342
H037,37,656,354
H038,38,681,342
H039,39,633,306
H040,40,501,250
H041,41,454,177
H042,42,428,92
H043,43,415,0
H044,44,438,0
H045,45,448,0
H046,46,582,0
H047,47,567,0
H048,48,647,0
H049,49,671,0
H050,50,648,0
H051,51,554,0
H052,52,542,0
H053,53,431,0
H054,54,398,0
H055,55,408,0
H056,56,404,127
H057,57,463,245
H058,58,513,347
H059,59,589,425
H060,60,649,474
H061,61,637,491
H062,62,646,474
H063,63,554,425
H064,64,520,347
H065,65,440,245
H066,66,367,127
H067,67,422,0
H068,68,468,0
H069,69,476,0
H070,70,490,0
H071,71,591,0
H072,72,642,0
H073,73,686,0
H074,74,588,0
H075,75,556,0
H076,76,558,0
H077,77,478,0
H078,78,424,0
H079,79,400,0
H080,80,449,132
H081,81,445,255
H082,82,509,361
H083,83,533,442
H084,84,606,493
H085,85,630,510
H086,86,625,493
H087,87,599,442
H088,88,484,361
H089,89,485,255
H090,90,412,132
H091,91,374,0
H092,92,393,0
H093,93,484,0
H094,94,469,0
H095,95,556,0
H096,96,602,0
H097,97,616,0
H098,98,599,0
H099,99,530,0
H100,100,527,0
H101,101,464,0
H102,102,418,0
H103,103,436,0
H104,104,446,143
H105,105,506,276
H106,106,547,390
H107,107,558,478
H108,108,600,533
H109,109,614,552
H110,110,632,533
H111,111,534,478
H112,112,495,390
H113,113,474,276
H114,114,426,143
H115,115,401,0
H116,116,410,0
H117,117,435,0
H118,118,518,0
H119,119,612,0
H120,120,659,0
H121,121,685,0
H122,122,649,0
H123,123,605,0
H124,124,512,0
H125,125,428,0
H126,126,428,0
H127,127,440,0
H128,128,414,85
H129,129,459,164
H130,130,508,232
H131,131,574,285
H132,132,648,317
H133,133,637,329
H134,134,618,317
H135,135,588,285
H136,136,511,232
H137,137,512,164
H138,138,439,85
H139,139,394,0
H140,140,380,0
H141,141,419,0
H142,142,507,0
H143,143,627,0
H144,144,643,0
H145,145,629,0
H146,146,620,0
H147,147,572,0
H148,148,575,0
H149,149,461,0
H150,150,368,0
H151,151,382,0
H152,152,396,125
H153,153,473,242
H154,154,503,342
H155,155,580,419
H156,156,629,467
H157,157,668,484
H158,158,621,467
H159,159,615,419
H160,160,521,342
H161,161,438,242
H162,162,414,125
H163,163,423,0
H164,164,404,0
H165,165,451,0
H166,166,466,0
H167,167,618,0
H168,168,674,0
