customer,warehouse
C009,W01
C009,W03
C009,W04
C009,W05
C009,W07
C009,W11
C009,W15
C012,W02
C012,W03
C012,W06
C012,W07
C012,W12
C012,W13
C012,W14
C016,W02
C016,W06
C016,W07
C016,W08
C016,W10
C016,W13
C016,W15
C028,W03
C028,W04
C028,W05
C028,W07
C028,W10
C028,W11
C028,W14
C030,W01
C030,W02
C030,W03
C030,W05
C030,W08
C030,W12
C030,W15
C031,W03
C031,W05
C031,W08
C031,W09
C031,W10
C031,W12
C031,W13
C035,W02
C035,W04
C035,W08
C035,W09
C035,W12
C035,W13
C035,W14
C037,W02
C037,W03
C037,W08
C037,W09
C037,W10
C037,W13
C037,W14
C041,W01
C041,W02
C041,W03
C041,W04
C041,W05
C041,W08
C041,W13
C044,W01
C044,W05
C044,W08
C044,W09
C044,W11
C044,W13
C044,W14
C050,W04
C050,W05
C050,W06
C050,W09
C050,W10
C050,W12
C050,W15
C060,W04
C060,W07
C060,W10
C060,W11
C060,W12
C060,W13
C060,W15
C063,W01
C063,W03
C063,W06
C063,W09
C063,W10
C063,W13
C063,W15
C072,W01
C072,W03
C072,W04
C072,W07
C072,W09
C072,W11
C072,W13
C073,W03
C073,W04
C073,W06
C073,W07
C073,W08
C073,W11
C073,W12
C077,W05
C077,W06
C077,W07
C077,W09
C077,W10
C077,W14
C077,W15
C078,W02
C078,W05
C078,W07
C078,W09
C078,W11
C078,W14
C078,W15
C086,W01
C086,W05
C086,W06
C086,W07
C086,W10
C086,W12
C086,W14
C093,W01
C093,W03
C093,W05
C093,W08
C093,W10
C093,W11
C093,W14
C096,W02
C096,W04
C096,W05
C096,W07
C096,W09
C096,W12
C096,W13
C100,W03
C100,W05
C100,W06
C100,W07
C100,W08
C100,W12
C100,W13
C101,W05
C101,W06
C101,W07
C101,W09
C101,W11
C101,W12
C101,W13
C110,W01
C110,W04
C110,W08
C110,W09
C110,W10
C110,W11
C110,W15
C117,W04
C117,W07
C117,W09
C117,W10
C117,W11
C117,W14
C117,W15
C123,W04
C123,W06
C123,W08
C123,W09
C123,W10
C123,W11
C123,W13
C134,W03
C134,W04
C134,W07
C134,W09
C134,W12
C134,W13
C134,W15
C138,W02
C138,W03
C138,W08
C138,W10
C138,W12
C138,W13
C138,W14
C142,W01
C142,W04
C142,W06
C142,W07
C142,W10
C142,W14
C142,W15
C159,W02
C159,W03
C159,W04
C159,W05
C159,W08
C159,W10
C159,W15
C164,W01
C164,W03
C164,W05
C164,W11
C164,W13
C164,W14
C164,W15
C172,W01
C172,W03
C172,W06
C172,W09
C172,W11
C172,W13
C172,W15
C178,W06
C178,W07
C178,W09
C178,W10
C178,W11
C178,W12
C178,W14
C183,W02
C183,W07
C183,W08
C183,W09
C183,W10
C183,W12
C183,W13
C184,W03
C184,W06
C184,W08
C184,W09
C184,W12
C184,W13
C184,W14
C197,W03
C197,W04
C197,W07
C197,W08
C197,W11
C197,W12
C197,W14
C205,W01
C205,W02
C205,W04
C205,W06
C205,W07
C205,W08
C205,W15
C208,W02
C208,W07
C208,W08
C208,W10
C208,W11
C208,W14
C208,W15
C212,W01
C212,W03
C212,W05
C212,W11
C212,W12
C212,W13
C212,W15
C217,W06
C217,W07
C217,W08
C217,W09
C217,W13
C217,W14
C217,W15
C221,W01
C221,W02
C221,W06
C221,W07
C221,W09
C221,W11
C221,W14
C224,W02
C224,W04
C224,W08
C224,W09
C224,W12
C224,W14
C224,W15
C229,W01
C229,W02
C229,W05
C229,W06
C229,W09
C229,W12
C229,W15
C233,W04
C233,W05
C233,W08
C233,W10
C233,W11
C233,W12
C233,W15
C236,W01
C236,W02
C236,W05
C236,W07
C236,W09
C236,W11
C236,W15
C241,W05
C241,W06
C241,W08
C241,W09
C241,W12
C241,W14
C241,W15
C242,W01
C242,W03
C242,W07
C242,W08
C242,W10
C242,W11
C242,W13
C246,W01
C246,W05
C246,W09
C246,W10
C246,W11
C246,W12
C246,W13
C252,W01
C252,W02
C252,W04
C252,W06
C252,W08
C252,W12
C252,W15
C261,W01
C261,W02
C261,W04
C261,W06
C261,W07
C261,W11
C261,W12
C262,W01
C262,W03
C262,W05
C262,W06
C262,W07
C262,W09
C262,W14
C268,W03
C268,W04
C268,W06
C268,W10
C268,W11
C268,W12
C268,W15
C271,W02
C271,W03
C271,W04
C271,W10
C271,W12
C271,W13
C271,W15
C273,W01
C273,W02
C273,W06
C273,W08
C273,W11
C273,W14
C273,W15
C276,W04
C276,W05
C276,W08
C276,W12
C276,W13
C276,W14
C276,W15
C277,W02
C277,W04
C277,W08
C277,W09
C277,W10
C277,W11
C277,W13
C278,W01
C278,W02
C278,W04
C278,W05
C278,W06
C278,W07
C278,W15
C280,W01
C280,W05
C280,W07
C280,W08
C280,W10
C280,W11
C280,W15
C291,W03
C291,W05
C291,W07
C291,W08
C291,W09
C291,W10
C291,W15
C295,W03
C295,W04
C295,W06
C295,W07
C295,W08
C295,W09
C295,W10
C296,W01
C296,W03
C296,W08
C296,W09
C296,W11
C296,W14
C296,W15
