warehouse,customer,units
W01,C002,78
W01,C019,22
W01,C020,102
W01,C021,20
W01,C030,60
W01,C038,102
W01,C043,96
W01,C055,33
W01,C063,112
W01,C092,51
W01,C105,31
W01,C121,64
W01,C149,112
W01,C238,77
W01,C242,55
W01,C253,97
W01,C265,106
W01,C280,101
W02,C010,105
W02,C017,96
W02,C022,33
W02,C027,52
W02,C061,53
W02,C129,23
W02,C138,40
W02,C150,25
W02,C155,119
W02,C159,65
W02,C162,54
W02,C170,31
W02,C175,47
W02,C208,90
W02,C216,58
W02,C225,104
W02,C229,67
W02,C248,58
W02,C254,85
W02,C272,81
W03,C001,3
W03,C006,118
W03,C023,41
W03,C037,98
W03,C039,92
W03,C041,119
W03,C046,40
W03,C068,109
W03,C089,90
W03,C134,85
W03,C151,93
W03,C154,8
W03,C164,62
W03,C171,79
W03,C184,111
W03,C191,51
W03,C203,96
W03,C214,36
W03,C230,22
W03,C234,93
W03,C237,113
W03,C279,94
W03,C283,65
W03,C297,82
W03,C299,106
W04,C018,68
W04,C028,30
W04,C058,78
W04,C072,76
W04,C107,111
W04,C109,117
W04,C122,25
W04,C125,86
W04,C148,86
W04,C173,25
W04,C192,85
W04,C210,37
W04,C215,48
W04,C218,82
W04,C228,51
W04,C245,25
W04,C261,21
W04,C263,92
W04,C267,35
W04,C268,113
W04,C278,117
W04,C298,96
W05,C001,81
W05,C040,75
W05,C050,96
W05,C051,40
W05,C070,104
W05,C074,47
W05,C094,119
W05,C108,99
W05,C113,54
W05,C119,26
W05,C124,52
W05,C131,26
W05,C152,116
W05,C157,21
W05,C182,108
W05,C196,95
W05,C207,74
W05,C227,72
W05,C241,50
W05,C246,67
W05,C257,31
W05,C284,7
W06,C016,37
W06,C024,30
W06,C026,22
W06,C029,30
W06,C049,91
W06,C064,58
W06,C071,108
W06,C073,62
W06,C084,81
W06,C085,71
W06,C101,44
W06,C102,99
W06,C126,27
W06,C154,52
W06,C165,88
W06,C166,65
W06,C167,56
W06,C172,63
W06,C180,56
W06,C189,101
W06,C206,34
W06,C213,52
W06,C262,27
W06,C270,74
W06,C275,75
W06,C287,98
W07,C007,108
W07,C009,49
W07,C011,116
W07,C036,89
W07,C045,70
W07,C053,115
W07,C054,102
W07,C059,114
W07,C066,58
W07,C080,57
W07,C095,76
W07,C096,24
W07,C098,84
W07,C100,51
W07,C142,63
W07,C161,28
W07,C174,100
W07,C226,53
W07,C282,63
W07,C290,69
W07,C294,76
W07,C295,114
W08,C035,61
W08,C076,34
W08,C118,81
W08,C177,62
W08,C198,55
W08,C217,78
W08,C244,20
W08,C252,61
W08,C277,30
W08,C281,98
W08,C292,77
W09,C025,114
W09,C042,27
W09,C044,112
W09,C052,31
W09,C078,89
W09,C104,50
W09,C120,69
W09,C123,70
W09,C133,108
W09,C136,109
W09,C143,52
W09,C179,53
W09,C183,62
W09,C188,72
W09,C195,54
W09,C199,117
W09,C232,46
W09,C284,62
W09,C291,43
W09,C296,108
W10,C086,63
W10,C091,105
W10,C103,86
W10,C110,30
W10,C112,41
W10,C114,56
W10,C139,45
W10,C147,76
W10,C156,83
W10,C163,25
W10,C168,74
W10,C231,67
W10,C240,21
W10,C256,107
W10,C285,68
W10,C288,22
W11,C013,54
W11,C034,103
W11,C065,75
W11,C069,58
W11,C093,84
W11,C099,52
W11,C116,109
W11,C132,94
W11,C137,104
W11,C160,63
W11,C169,99
W11,C186,32
W11,C194,33
W11,C201,41
W11,C202,64
W11,C212,70
W11,C236,87
W11,C247,24
W11,C255,108
W11,C267,26
W11,C273,98
W12,C004,77
W12,C008,47
W12,C015,97
W12,C056,72
W12,C062,84
W12,C079,99
W12,C087,34
W12,C097,107
W12,C111,53
W12,C115,111
W12,C128,24
W12,C141,39
W12,C145,70
W12,C181,102
W12,C193,31
W12,C249,21
W12,C259,104
W12,C260,105
W12,C264,38
W12,C266,49
W13,C012,53
W13,C016,80
W13,C031,77
W13,C048,78
W13,C082,23
W13,C106,84
W13,C127,96
W13,C140,62
W13,C146,102
W13,C176,96
W13,C185,28
W13,C200,111
W13,C239,110
W13,C250,46
W13,C258,69
W13,C274,21
W13,C286,62
W13,C293,82
W14,C020,1
W14,C033,62
W14,C047,69
W14,C057,40
W14,C067,95
W14,C081,102
W14,C083,44
W14,C117,80
W14,C135,83
W14,C144,119
W14,C153,105
W14,C158,31
W14,C178,80
W14,C197,72
W14,C204,94
W14,C209,109
W14,C219,37
W14,C220,33
W14,C221,61
W14,C222,43
W14,C223,90
W14,C224,62
W14,C235,104
W14,C243,44
W14,C251,34
W14,C276,77
W14,C289,49
W15,C003,28
W15,C005,91
W15,C014,34
W15,C032,42
W15,C060,57
W15,C075,117
W15,C077,93
W15,C088,114
W15,C090,29
W15,C130,85
W15,C187,66
W15,C190,100
W15,C205,101
W15,C211,23
W15,C233,74
W15,C269,46
W15,C271,28
W15,C300,31
