id,demand_units
C001,84
C002,78
C003,28
C004,77
C005,91
C006,118
C007,108
C008,47
C009,49
C010,105
C011,116
C012,53
C013,54
C014,34
C015,97
C016,117
C017,96
C018,68
C019,22
C020,103
C021,20
C022,33
C023,41
C024,30
C025,114
C026,22
C027,52
C028,30
C029,30
C030,60
C031,77
C032,42
C033,62
C034,103
C035,61
C036,89
C037,98
C038,102
C039,92
C040,75
C041,119
C042,27
C043,96
C044,112
C045,70
C046,40
C047,69
C048,78
C049,91
C050,96
C051,40
C052,31
C053,115
C054,102
C055,33
C056,72
C057,40
C058,78
C059,114
C060,57
C061,53
C062,84
C063,112
C064,58
C065,75
C066,58
C067,95
C068,109
C069,58
C070,104
C071,108
C072,76
C073,62
C074,47
C075,117
C076,34
C077,93
C078,89
C079,99
C080,57
C081,102
C082,23
C083,44
C084,81
C085,71
C086,63
C087,34
C088,114
C089,90
C090,29
C091,105
C092,51
C093,84
C094,119
C095,76
C096,24
C097,107
C098,84
C099,52
C100,51
C101,44
C102,99
C103,86
C104,50
C105,31
C106,84
C107,111
C108,99
C109,117
C110,30
C111,53
C112,41
C113,54
C114,56
C115,111
C116,109
C117,80
C118,81
C119,26
C120,69
C121,64
C122,25
C123,70
C124,52
C125,86
C126,27
C127,96
C128,24
C129,23
C130,85
C131,26
C132,94
C133,108
C134,85
C135,83
C136,109
C137,104
C138,40
C139,45
C140,62
C141,39
C142,63
C143,52
C144,119
C145,70
C146,102
C147,76
C148,86
C149,112
C150,25
C151,93
C152,116
C153,105
C154,60
C155,119
C156,83
C157,21
C158,31
C159,65
C160,63
C161,28
C162,54
C163,25
C164,62
C165,88
C166,65
C167,56
C168,74
C169,99
C170,31
C171,79
C172,63
C173,25
C174,100
C175,47
C176,96
C177,62
C178,80
C179,53
C180,56
C181,102
C182,108
C183,62
C184,111
C185,28
C186,32
C187,66
C188,72
C189,101
C190,100
C191,51
C192,85
C193,31
C194,33
C195,54
C196,95
C197,72
C198,55
C199,117
C200,111
C201,41
C202,64
C203,96
C204,94
C205,101
C206,34
C207,74
C208,90
C209,109
C210,37
C211,23
C212,70
C213,52
C214,36
C215,48
C216,58
C217,78
C218,82
C219,37
C220,33
C221,61
C222,43
C223,90
C224,62
C225,104
C226,53
C227,72
C228,51
C229,67
C230,22
C231,67
C232,46
C233,74
C234,93
C235,104
C236,87
C237,113
C238,77
C239,110
C240,21
C241,50
C242,55
C243,44
C244,20
C245,25
C246,67
C247,24
C248,58
C249,21
C250,46
C251,34
C252,61
C253,97
C254,85
C255,108
C256,107
C257,31
C258,69
C259,104
C260,105
C261,21
C262,27
C263,92
C264,38
C265,106
C266,49
C267,61
C268,113
C269,46
C270,74
C271,28
C272,81
C273,98
C274,21
C275,75
C276,77
C277,30
C278,117
C279,94
C280,101
C281,98
C282,63
C283,65
C284,69
C285,68
C286,62
C287,98
C288,22
C289,49
C290,69
C291,43
C292,77
C293,82
C294,76
C295,114
C296,108
C297,82
C298,96
C299,106
C300,31
