warehouse,customer,cost_per_unit,open
W01,C001,71,yes
W01,C002,98,yes
W01,C003,100,yes
W01,C004,87,no
W01,C005,52,yes
W01,C006,106,yes
W01,C007,61,yes
W01,C008,101,yes
W01,C009,115,yes
W01,C010,58,yes
W01,C011,94,yes
W01,C012,91,yes
W01,C013,33,no
W01,C014,83,no
W01,C015,70,yes
W01,C016,80,yes
W01,C017,103,yes
W01,C018,80,yes
W01,C019,24,no
W01,C020,50,yes
W01,C021,86,no
W01,C022,43,yes
W01,C023,44,no
W01,C024,91,yes
W01,C025,82,yes
W01,C026,62,yes
W01,C027,43,yes
W01,C028,102,yes
W01,C029,70,no
W01,C030,98,yes
W02,C001,64,yes
W02,C002,80,yes
W02,C003,46,yes
W02,C004,64,yes
W02,C005,34,no
W02,C006,72,yes
W02,C007,53,yes
W02,C008,53,yes
W02,C009,112,yes
W02,C010,15,yes
W02,C011,66,yes
W02,C012,78,yes
W02,C013,49,yes
W02,C014,82,yes
W02,C015,43,yes
W02,C016,83,yes
W02,C017,95,yes
W02,C018,54,yes
W02,C019,61,yes
W02,C020,11,no
W02,C021,81,yes
W02,C022,20,no
W02,C023,79,yes
W02,C024,46,yes
W02,C025,93,yes
W02,C026,18,no
W02,C027,75,yes
W02,C028,71,yes
W02,C029,51,yes
W02,C030,41,yes
W03,C001,44,no
W03,C002,7,yes
W03,C003,79,yes
W03,C004,52,yes
W03,C005,53,yes
W03,C006,70,yes
W03,C007,35,yes
W03,C008,105,yes
W03,C009,66,yes
W03,C010,68,yes
W03,C011,34,no
W03,C012,75,yes
W03,C013,98,yes
W03,C014,21,yes
W03,C015,57,yes
W03,C016,16,yes
W03,C017,16,no
W03,C018,50,yes
W03,C019,50,yes
W03,C020,94,yes
W03,C021,12,yes
W03,C022,73,yes
W03,C023,54,yes
W03,C024,69,no
W03,C025,35,yes
W03,C026,69,yes
W03,C027,50,yes
W03,C028,84,no
W03,C029,55,yes
W03,C030,132,no
W04,C001,52,yes
W04,C002,37,yes
W04,C003,103,yes
W04,C004,75,yes
W04,C005,51,yes
W04,C006,100,yes
W04,C007,46,yes
W04,C008,93,yes
W04,C009,85,yes
W04,C010,94,yes
W04,C011,50,no
W04,C012,88,yes
W04,C013,70,yes
W04,C014,29,yes
W04,C015,82,yes
W04,C016,29,yes
W04,C017,39,yes
W04,C018,56,yes
W04,C019,46,yes
W04,C020,98,yes
W04,C021,27,yes
W04,C022,77,yes
W04,C023,24,yes
W04,C024,106,yes
W04,C025,13,yes
W04,C026,97,yes
W04,C027,28,yes
W04,C028,81,yes
W04,C029,68,yes
W04,C030,135,yes
W05,C001,27,yes
W05,C002,67,yes
W05,C003,34,no
W05,C004,34,yes
W05,C005,25,yes
W05,C006,59,no
W05,C007,35,yes
W05,C008,42,yes
W05,C009,62,yes
W05,C010,23,yes
W05,C011,42,yes
W05,C012,54,yes
W05,C013,71,yes
W05,C014,91,yes
W05,C015,26,yes
W05,C016,46,yes
W05,C017,54,yes
W05,C018,20,yes
W05,C019,56,yes
W05,C020,26,yes
W05,C021,57,yes
W05,C022,35,yes
W05,C023,63,yes
W05,C024,25,yes
W05,C025,93,yes
W05,C026,21,no
W05,C027,46,yes
W05,C028,43,yes
W05,C029,33,yes
W05,C030,48,yes
