control,asset,protection
CTL001,AST02,82
CTL001,AST05,47
CTL001,AST09,20
CTL001,AST12,86
CTL002,AST01,68
CTL002,AST05,37
CTL002,AST10,55
CTL003,AST06,66
CTL003,AST12,77
CTL004,AST03,36
CTL004,AST09,76
CTL004,AST10,84
CTL004,AST12,73
CTL005,AST04,57
CTL006,AST01,79
CTL006,AST02,79
CTL007,AST05,57
CTL007,AST10,21
CTL008,AST05,84
CTL008,AST07,80
CTL008,AST08,83
CTL009,AST02,58
CTL009,AST07,42
CTL009,AST10,72
CTL010,AST05,58
CTL011,AST03,42
CTL011,AST07,75
CTL012,AST02,71
CTL012,AST05,24
CTL012,AST06,60
CTL012,AST07,54
CTL013,AST03,86
CTL013,AST04,21
CTL013,AST05,36
CTL013,AST07,68
CTL014,AST06,41
CTL015,AST03,75
CTL015,AST07,44
CTL015,AST08,28
CTL016,AST01,63
CTL016,AST03,83
CTL016,AST07,69
CTL017,AST07,20
CTL018,AST09,51
CTL019,AST01,87
CTL019,AST10,85
CTL020,AST01,66
CTL020,AST06,27
CTL021,AST01,71
CTL021,AST04,84
CTL021,AST05,54
CTL021,AST06,81
CTL022,AST03,52
CTL022,AST06,45
CTL022,AST08,54
CTL022,AST12,26
CTL023,AST04,27
CTL023,AST07,42
CTL023,AST11,21
CTL024,AST01,57
CTL024,AST03,60
CTL024,AST05,35
CTL024,AST10,26
CTL025,AST06,82
CTL025,AST11,41
CTL026,AST08,25
CTL026,AST10,69
CTL027,AST11,35
CTL028,AST02,42
CTL028,AST03,77
CTL028,AST07,81
CTL028,AST12,74
CTL029,AST10,72
CTL029,AST11,71
CTL030,AST01,71
CTL030,AST10,82
CTL031,AST04,66
CTL032,AST02,30
CTL032,AST03,89
CTL033,AST01,58
CTL034,AST01,65
CTL034,AST03,25
CTL034,AST10,72
CTL035,AST06,24
CTL036,AST02,22
CTL037,AST02,37
CTL037,AST06,24
CTL037,AST09,28
CTL038,AST04,42
CTL038,AST05,69
CTL039,AST03,74
CTL039,AST05,64
CTL040,AST04,43
CTL040,AST05,59
CTL040,AST07,81
CTL040,AST10,49
